{"cameraMode":{"drawMode":0,"name":"Shaded","section":"Shading Mode"},"sceneLighting":false,"audioPlay":false,"sceneViewState":{"showFog":false,"showMaterialUpdate":false,"showSkybox":false,"showFlares":false,"showImageEffects":false,"showParticleSystems":false,"showVisualEffectGraphs":true,"m_FxEnabled":true},"in2DMode":false,"pivot":{"x":-0.000007033348083496094,"y":0.8437232971191406,"z":-0.009836539626121521},"rotation":{"x":-0.06799566000699997,"y":0.26058098673820498,"z":-0.01840147189795971,"w":-0.9628792405128479},"size":1.3230212926864625,"orthographic":false}