{"cameraMode":{"drawMode":0,"name":"Shaded","section":"Shading Mode"},"sceneLighting":false,"audioPlay":false,"sceneViewState":{"showFog":false,"showMaterialUpdate":false,"showSkybox":false,"showFlares":false,"showImageEffects":false,"showParticleSystems":false,"showVisualEffectGraphs":true,"m_FxEnabled":true},"in2DMode":false,"pivot":{"x":0.007149994373321533,"y":0.1673056185245514,"z":0.011587560176849366},"rotation":{"x":-0.02661995030939579,"y":0.730109453201294,"z":-0.028488706797361375,"w":-0.682216227054596},"size":0.3360273241996765,"orthographic":false}